Time,react-app-nginx-2
12/21/2024 14:18,0 B/s
12/21/2024 14:18,0 B/s
12/21/2024 14:18,0 B/s
12/21/2024 14:19,0 B/s
12/21/2024 14:19,0 B/s
12/21/2024 14:19,0 B/s
12/21/2024 14:19,0 B/s
12/21/2024 14:20,0 B/s
12/21/2024 14:20,0 B/s
12/21/2024 14:20,0 B/s
12/21/2024 14:20,0 B/s
12/21/2024 14:21,0 B/s
12/21/2024 14:21,0 B/s
12/21/2024 14:21,0 B/s
12/21/2024 14:21,0 B/s
12/21/2024 14:22,0 B/s
12/21/2024 14:22,0 B/s
12/21/2024 14:22,0 B/s
12/21/2024 14:22,0 B/s
12/21/2024 14:23,0 B/s
12/21/2024 14:23,0 B/s
12/21/2024 14:23,0 B/s
12/21/2024 14:23,0 B/s
12/21/2024 14:24,0 B/s
12/21/2024 14:24,0 B/s
12/21/2024 14:24,0 B/s
12/21/2024 14:24,0 B/s
12/21/2024 14:25,0 B/s
12/21/2024 14:25,0 B/s
12/21/2024 14:25,0 B/s
12/21/2024 14:25,0 B/s
12/21/2024 14:26,0 B/s
12/21/2024 14:26,0 B/s
12/21/2024 14:26,0 B/s
12/21/2024 14:26,0 B/s
12/21/2024 14:27,0 B/s
12/21/2024 14:27,0 B/s
12/21/2024 14:27,0 B/s
12/21/2024 14:27,0 B/s
12/21/2024 14:28,0 B/s
12/21/2024 14:28,0 B/s
12/21/2024 14:28,0 B/s
12/21/2024 14:28,0 B/s
12/21/2024 14:29,0 B/s
12/21/2024 14:29,0 B/s
12/21/2024 14:29,0 B/s
12/21/2024 14:29,0 B/s
12/21/2024 14:30,0 B/s
12/21/2024 14:30,0 B/s
12/21/2024 14:30,0 B/s
12/21/2024 14:30,0 B/s
12/21/2024 14:31,0 B/s
12/21/2024 14:31,0 B/s
12/21/2024 14:31,0 B/s
12/21/2024 14:31,0 B/s
12/21/2024 14:32,0 B/s
12/21/2024 14:32,0 B/s
12/21/2024 14:32,0 B/s
12/21/2024 14:32,0 B/s
12/21/2024 14:33,0 B/s
12/21/2024 14:33,0 B/s
12/21/2024 14:33,0 B/s
12/21/2024 14:33,0 B/s
12/21/2024 14:34,0 B/s
12/21/2024 14:34,0 B/s
12/21/2024 14:34,0 B/s
12/21/2024 14:34,0 B/s
12/21/2024 14:35,0 B/s
12/21/2024 14:35,0 B/s
12/21/2024 14:35,0 B/s
12/21/2024 14:35,0 B/s
12/21/2024 14:36,0 B/s
12/21/2024 14:36,0 B/s
12/21/2024 14:36,0 B/s
12/21/2024 14:36,0 B/s
12/21/2024 14:37,0 B/s
12/21/2024 14:37,0 B/s
12/21/2024 14:37,0 B/s
12/21/2024 14:37,0 B/s
12/21/2024 14:38,0 B/s
12/21/2024 14:38,0 B/s
12/21/2024 14:38,0 B/s
12/21/2024 14:38,0 B/s
12/21/2024 14:39,0 B/s
12/21/2024 14:39,0 B/s
12/21/2024 14:39,0 B/s
12/21/2024 14:39,0 B/s
12/21/2024 14:40,0 B/s
12/21/2024 14:40,0 B/s
12/21/2024 14:40,0 B/s
12/21/2024 14:40,0 B/s
12/21/2024 14:41,0 B/s
12/21/2024 14:41,0 B/s
12/21/2024 14:41,0 B/s
12/21/2024 14:41,0 B/s
12/21/2024 14:42,0 B/s
12/21/2024 14:42,0 B/s
12/21/2024 14:42,0 B/s
12/21/2024 14:42,0 B/s
12/21/2024 14:43,0 B/s
12/21/2024 14:43,0 B/s
12/21/2024 14:43,0 B/s
12/21/2024 14:43,0 B/s
12/21/2024 14:44,0 B/s
12/21/2024 14:44,0 B/s
12/21/2024 14:44,0 B/s
12/21/2024 14:44,0 B/s
12/21/2024 14:45,0 B/s
12/21/2024 14:45,0 B/s
12/21/2024 14:45,0 B/s
12/21/2024 14:45,0 B/s
12/21/2024 14:46,0 B/s
12/21/2024 14:46,0 B/s
12/21/2024 14:46,0 B/s
12/21/2024 14:46,0 B/s
12/21/2024 14:47,0 B/s
12/21/2024 14:47,0 B/s
12/21/2024 14:47,0 B/s
12/21/2024 14:47,0 B/s
12/21/2024 14:48,0 B/s
12/21/2024 14:48,0 B/s
12/21/2024 14:48,0 B/s
12/21/2024 14:48,0 B/s
12/21/2024 14:49,0 B/s
12/21/2024 14:49,0 B/s
12/21/2024 14:49,0 B/s
12/21/2024 14:49,0 B/s
12/21/2024 14:50,0 B/s
12/21/2024 14:50,0 B/s
12/21/2024 14:50,0 B/s
12/21/2024 14:50,0 B/s
12/21/2024 14:51,0 B/s
12/21/2024 14:51,0 B/s
12/21/2024 14:51,0 B/s
12/21/2024 14:51,0 B/s
12/21/2024 14:52,0 B/s
12/21/2024 14:52,0 B/s
12/21/2024 14:52,0 B/s
12/21/2024 14:52,0 B/s
12/21/2024 14:53,0 B/s
12/21/2024 14:53,0 B/s
12/21/2024 14:53,0 B/s
12/21/2024 14:53,0 B/s
12/21/2024 14:54,0 B/s
12/21/2024 14:54,0 B/s
12/21/2024 14:54,0 B/s
12/21/2024 14:54,0 B/s
12/21/2024 14:55,0 B/s
12/21/2024 14:55,0 B/s
12/21/2024 14:55,0 B/s
12/21/2024 14:55,0 B/s
12/21/2024 14:56,0 B/s
12/21/2024 14:56,0 B/s
12/21/2024 14:56,0 B/s
12/21/2024 14:56,0 B/s
12/21/2024 14:57,0 B/s
12/21/2024 14:57,0 B/s
12/21/2024 14:57,0 B/s
12/21/2024 14:57,0 B/s
12/21/2024 14:58,0 B/s
12/21/2024 14:58,0 B/s
12/21/2024 14:58,0 B/s
12/21/2024 14:58,0 B/s
12/21/2024 14:59,0 B/s
12/21/2024 14:59,0 B/s
12/21/2024 14:59,0 B/s
12/21/2024 14:59,0 B/s
12/21/2024 15:00,0 B/s
12/21/2024 15:00,0 B/s
12/21/2024 15:00,0 B/s
12/21/2024 15:00,0 B/s
12/21/2024 15:01,0 B/s
12/21/2024 15:01,0 B/s
12/21/2024 15:01,0 B/s
12/21/2024 15:01,0 B/s
12/21/2024 15:02,0 B/s
12/21/2024 15:02,0 B/s
12/21/2024 15:02,0 B/s
12/21/2024 15:02,0 B/s
12/21/2024 15:03,0 B/s
12/21/2024 15:03,0 B/s
12/21/2024 15:03,0 B/s
12/21/2024 15:03,0 B/s
12/21/2024 15:04,0 B/s
12/21/2024 15:04,0 B/s
12/21/2024 15:04,0 B/s
12/21/2024 15:04,0 B/s
12/21/2024 15:05,0 B/s
12/21/2024 15:05,0 B/s
12/21/2024 15:05,0 B/s
12/21/2024 15:05,0 B/s
12/21/2024 15:06,0 B/s
12/21/2024 15:06,0 B/s
12/21/2024 15:06,0 B/s
12/21/2024 15:06,0 B/s
12/21/2024 15:07,0 B/s
12/21/2024 15:07,0 B/s
12/21/2024 15:07,0 B/s
12/21/2024 15:07,0 B/s
12/21/2024 15:08,0 B/s
12/21/2024 15:08,0 B/s
12/21/2024 15:08,0 B/s
12/21/2024 15:08,0 B/s
12/21/2024 15:09,0 B/s
12/21/2024 15:09,0 B/s
12/21/2024 15:09,0 B/s
12/21/2024 15:09,0 B/s
12/21/2024 15:10,0 B/s
12/21/2024 15:10,0 B/s
12/21/2024 15:10,0 B/s
12/21/2024 15:10,0 B/s
12/21/2024 15:11,0 B/s
12/21/2024 15:11,0 B/s
12/21/2024 15:11,0 B/s
12/21/2024 15:11,0 B/s
12/21/2024 15:12,0 B/s
12/21/2024 15:12,0 B/s
12/21/2024 15:12,0 B/s
12/21/2024 15:12,0 B/s
12/21/2024 15:13,0 B/s
12/21/2024 15:13,0 B/s
12/21/2024 15:13,0 B/s
12/21/2024 15:13,0 B/s
12/21/2024 15:14,0 B/s
12/21/2024 15:14,0 B/s
12/21/2024 15:14,0 B/s
12/21/2024 15:14,0 B/s
12/21/2024 15:15,0 B/s
12/21/2024 15:15,0 B/s
12/21/2024 15:15,0 B/s
12/21/2024 15:15,0 B/s
12/21/2024 15:16,0 B/s
12/21/2024 15:16,0 B/s
12/21/2024 15:16,0 B/s
12/21/2024 15:16,0 B/s
12/21/2024 15:17,0 B/s
12/21/2024 15:17,0 B/s
12/21/2024 15:17,0 B/s
12/21/2024 15:17,0 B/s
12/21/2024 15:18,0 B/s
12/21/2024 15:18,0 B/s
